fiscal_year,period_end,period_type,report_code,report_name,corp_code,stock_code,currency_unit,rcept_no,total_assets,current_assets,current_liabilities,cash,receivables,inventory,ppe,total_liabilities,interest_bearing_debt,total_equity,revenue,gross_profit,sga,operating_income,pretax_income,net_income,net_income_parent,cfo,cfi,cff,capex,interest_expense,dart_url,period_label,gross_margin,operating_margin,net_margin,debt_ratio,equity_ratio,current_ratio,fcf,net_debt,interest_coverage,asset_turnover,cfo_to_net_income,revenue_growth,roa,roe
2015,2015-12-31,annual,11011,사업보고서,164779,660,KRW,20160516001867,29677906000000.0,9760030000000.0,4840698000000.0,1175719000000.0,2628448000000.0,1923376000000.0,16966252000000.0,8290203000000.0,1013372000000.0,21386863000000.0,18797998000000.0,8282645000000.0,,5336100000000.0,5269121000000.0,4323595000000.0,,9319520000000.0,-7125530000000.0,-1462257000000.0,16966252000000.0,829913000000.0,https://dart.fss.or.kr/dsaf001/main.do?rcpNo=20160516001867,2015,0.44061314401671925,0.2838653350213145,0.23000295031417708,0.38763062165779055,0.7206324799330519,2.0162443515377326,-7646732000000.0,-162347000000.0,6.429710102143237,0.6334004157840516,2.155502538975089,,,
2016,2016-03-31,quarterly,11013,1분기보고서,164779,660,KRW,20160516001896,29797655000000.0,9163101000000.0,4251605000000.0,946946000000.0,2266364000000.0,2193908000000.0,17666499000000.0,8332966000000.0,971254000000.0,21460921000000.0,3655717000000.0,1318045000000.0,,561798000000.0,557990000000.0,448026000000.0,,649699000000.0,-1470668000000.0,615154000000.0,17666499000000.0,292464000000.0,https://dart.fss.or.kr/dsaf001/main.do?rcpNo=20160516001896,2016 Q1,0.3605434994010751,0.15367655647305303,0.12255489142075275,0.38828557264620656,0.7202218094007733,2.1552098560426005,-17016800000000.0,24308000000.0,1.920913343180699,0.12268472133125913,1.4501368224165563,,,
2016,2016-06-30,half,11012,반기보고서,164779,660,KRW,20160816001683,29329452000000.0,8356317000000.0,3163858000000.0,987448000000.0,2470502000000.0,2010992000000.0,17936788000000.0,7628630000000.0,589133000000.0,21697159000000.0,3940927000000.0,1251810000000.0,,452853000000.0,383208000000.0,286132000000.0,,1932535000000.0,-2326760000000.0,211580000000.0,17936788000000.0,219460000000.0,https://dart.fss.or.kr/dsaf001/main.do?rcpNo=20160816001683,2016 H1,0.3176435391977573,0.11491027364881409,0.07260525252053641,0.35159580109082483,0.7397737605189487,2.6411795346061675,-16004253000000.0,-398315000000.0,2.0634876515082476,0.13436756336258857,6.753998154697832,,,
2016,2016-06-30,quarterly,11012,반기보고서,164779,660,KRW,20160816001683,29329452000000.0,8356317000000.0,3163858000000.0,987448000000.0,2470502000000.0,2010992000000.0,17936788000000.0,7628630000000.0,589133000000.0,21697159000000.0,285210000000.0,-66235000000.0,,-108945000000.0,-174782000000.0,-161894000000.0,,1282836000000.0,-856092000000.0,-403574000000.0,270289000000.0,-73004000000.0,https://dart.fss.or.kr/dsaf001/main.do?rcpNo=20160816001683,2016 Q2,-0.23223239016864766,-0.3819816976964342,-0.5676308684828723,0.35159580109082483,0.7397737605189487,2.6411795346061675,1012547000000.0,-398315000000.0,-1.4923154895622157,0.009724354890776684,-7.9239255315206245,,-0.005476134660199086,-0.007502372672741698
2016,2016-09-30,quarterly,11014,3분기보고서,164779,660,KRW,20161114001476,29166995000000.0,8228379000000.0,2974257000000.0,1214703000000.0,2313000000000.0,1995002000000.0,17888583000000.0,7162415000000.0,678594000000.0,22000634000000.0,302718000000.0,199547000000.0,,273103000000.0,320956000000.0,311619000000.0,,1636624000000.0,-1302549000000.0,-76334000000.0,-48205000000.0,23756000000.0,https://dart.fss.or.kr/dsaf001/main.do?rcpNo=20161114001476,2016 Q3,0.6591844554998382,0.9021696760681558,1.0294036033536162,0.32555493628047266,0.7542989601774197,2.7665326163811668,1588419000000.0,-536109000000.0,11.49616938878599,0.010378786021665927,5.252003247555509,0.1608242651168019,0.010654288114284958,0.014262459433591989
2016,2016-12-31,annual,11011,사업보고서,164779,660,KRW,20170331004537,32216026000000.0,9838982000000.0,4160849000000.0,613786000000.0,3251652000000.0,2026198000000.0,18777402000000.0,8192496000000.0,704860000000.0,24016955000000.0,17197975000000.0,6410836000000.0,,3276746000000.0,3216454000000.0,2960483000000.0,,5548922000000.0,-6230451000000.0,116876000000.0,18777402000000.0,846328000000.0,https://dart.fss.or.kr/dsaf001/main.do?rcpNo=20170331004537,2016,0.37276691005772483,0.19053092006471692,0.17214137129516702,0.34111301786592013,0.7454971323899477,2.3646573091212875,-13228480000000.0,91074000000.0,3.8717211293966405,0.5338329128490273,1.8743299657522101,-0.0851166704028801,0.09566310959206793,0.13040678649535598
2016,2016-12-31,quarterly,11011,사업보고서,164779,660,KRW,20170331004537,32216026000000.0,9838982000000.0,4160849000000.0,613786000000.0,3251652000000.0,2026198000000.0,18777402000000.0,8192496000000.0,704860000000.0,24016955000000.0,12954330000000.0,4959479000000.0,,2550790000000.0,2512290000000.0,2362732000000.0,,1979763000000.0,-2601142000000.0,-18370000000.0,888819000000.0,603112000000.0,https://dart.fss.or.kr/dsaf001/main.do?rcpNo=20170331004537,2016 Q4,0.38284334272787557,0.19690636258301278,0.18238936324765542,0.34111301786592013,0.7454971323899477,2.3646573091212875,1090944000000.0,91074000000.0,4.229380280942843,0.40210825506535164,0.837912636727314,-0.0851166704028801,0.07698324264620342,0.10268821341335375
2017,2017-03-31,quarterly,11013,1분기보고서,164779,660,KRW,20170515003473,34319500000000.0,10841409000000.0,5167516000000.0,2162786000000.0,3452210000000.0,2040563000000.0,19856004000000.0,9150581000000.0,790688000000.0,25162328000000.0,6289518000000.0,3304696000000.0,,2467599000000.0,2370143000000.0,1898678000000.0,,2820020000000.0,-1396667000000.0,177535000000.0,19856004000000.0,467249000000.0,https://dart.fss.or.kr/dsaf001/main.do?rcpNo=20170515003473,2017 Q1,0.5254291346332104,0.39233515191466184,0.3018797306884248,0.3636619393881202,0.7331787467766139,2.097992342936142,-17035984000000.0,-1372098000000.0,5.281122056976045,0.1832636839114789,1.4852544770624614,0.4821027677857126,0.05707260809811589,0.07721454580783539
2017,2017-06-30,half,11012,반기보고서,164779,660,KRW,20170814002182,37501577000000.0,12290962000000.0,5483352000000.0,1326003000000.0,4257266000000.0,2424006000000.0,21395285000000.0,9737793000000.0,826811000000.0,27757135000000.0,6692278000000.0,3833474000000.0,,3050700000000.0,3069317000000.0,2468509000000.0,,6104122000000.0,-5381034000000.0,-22657000000.0,21395285000000.0,199007000000.0,https://dart.fss.or.kr/dsaf001/main.do?rcpNo=20170814002182,2017 H1,0.5728204955024283,0.45585374666145073,0.36885930321483956,0.35082125730915675,0.7401591405076112,2.2415051960917336,-15291163000000.0,-499192000000.0,15.329611521202771,0.17845324211299168,2.472797141918462,0.6981481768122069,0.07387314057366975,0.09982991567931392
2017,2017-06-30,quarterly,11012,반기보고서,164779,660,KRW,20170814002182,37501577000000.0,12290962000000.0,5483352000000.0,1326003000000.0,4257266000000.0,2424006000000.0,21395285000000.0,9737793000000.0,826811000000.0,27757135000000.0,402760000000.0,528778000000.0,,583101000000.0,699174000000.0,569831000000.0,,3284102000000.0,-3984367000000.0,-200192000000.0,1539281000000.0,-268242000000.0,https://dart.fss.or.kr/dsaf001/main.do?rcpNo=20170814002182,2017 Q2,1.3128860860065548,1.4477629357433708,1.414815274605224,0.35082125730915675,0.7401591405076112,2.2415051960917336,1744821000000.0,-499192000000.0,2.173787102690854,0.010739815021645623,5.763291221432319,0.6981481768122069,0.015868071708253554,0.021535781646159182
2017,2017-09-30,quarterly,11014,3분기보고서,164779,660,KRW,20171114002328,40730453000000.0,14557910000000.0,5642787000000.0,1123119000000.0,5260576000000.0,2557403000000.0,21977158000000.0,9825955000000.0,633151000000.0,3657652000000.0,1407807000000.0,868454000000.0,,686493000000.0,773539000000.0,587020000000.0,,3799958000000.0,-3667612000000.0,-339642000000.0,581873000000.0,-39471000000.0,https://dart.fss.or.kr/dsaf001/main.do?rcpNo=20171114002328,2017 Q3,0.6168842746200296,0.4876328928610243,0.4169747699791236,2.6864105715907365,0.0898014073155533,2.579914854131478,3218085000000.0,-489968000000.0,17.392338679030175,0.03456399073194693,6.473302442846922,0.2878705490627422,0.0150071524412699,0.037372209463014984
2017,2017-12-31,annual,11011,사업보고서,164779,660,KRW,20180615000111,45418464000000.0,17310444000000.0,8116133000000.0,2949991000000.0,5552795000000.0,2640439000000.0,24062601000000.0,11597545000000.0,773780000000.0,3657652000000.0,30109434000000.0,17407591000000.0,3686265000000.0,13721326000000.0,13439566000000.0,10642219000000.0,10642219000000.0,14690614000000.0,-11919162000000.0,-351906000000.0,24062601000000.0,1249617000000.0,https://dart.fss.or.kr/dsaf001/main.do?rcpNo=20180615000111,2017,0.5781440793606416,0.45571517551608576,0.3534513136314685,3.1707622813761396,0.08053226987156589,2.132843806280651,-9371987000000.0,-2176211000000.0,10.98042520228198,0.6629337795307213,1.3804089165990665,0.7507546091909076,0.27416214107930637,0.7690963055048984
2017,2017-12-31,quarterly,11011,사업보고서,164779,660,KRW,20180615000111,45418464000000.0,17310444000000.0,8116133000000.0,2949991000000.0,5552795000000.0,2640439000000.0,24062601000000.0,11597545000000.0,773780000000.0,3657652000000.0,22009349000000.0,12705663000000.0,2721530000000.0,9984133000000.0,9596710000000.0,7586690000000.0,7586690000000.0,4786534000000.0,-2870516000000.0,10393000000.0,2085443000000.0,1090081000000.0,https://dart.fss.or.kr/dsaf001/main.do?rcpNo=20180615000111,2017 Q4,0.5772848165568186,0.4536314545241661,0.34470306232137987,3.1707622813761396,0.08053226987156589,2.132843806280651,2701091000000.0,-2176211000000.0,9.159074417405678,0.48459034193670664,0.6309120314656326,0.7507546091909076,0.1761296662615039,2.0741967797920635
2018,2018-03-31,quarterly,11013,1분기보고서,164779,660,KRW,20180515001966,49125123000000.0,17632878000000.0,9352773000000.0,3477358000000.0,5574098000000.0,3103142000000.0,27364769000000.0,12746637000000.0,598104000000.0,3657652000000.0,8719691000000.0,5336477000000.0,969139000000.0,4367338000000.0,4290810000000.0,3121329000000.0,3121329000000.0,4523576000000.0,-3709452000000.0,-301005000000.0,27364769000000.0,313278000000.0,https://dart.fss.or.kr/dsaf001/main.do?rcpNo=20180515001966,2018 Q1,0.612002994142797,0.5008592620999988,0.3579632581016919,3.4849233880095754,0.0744558339324667,1.8853101641620085,-22841193000000.0,-2879254000000.0,13.940774647437738,0.1774996268202728,1.449246779176434,0.0764937651888837,0.06602941773300816,0.8533695933894203
2018,2018-06-30,half,11012,반기보고서,164779,660,KRW,20180814001540,53257080000000.0,15695268000000.0,8727425000000.0,1187928000000.0,7351385000000.0,3367788000000.0,29311297000000.0,12479404000000.0,1839133000000.0,3657652000000.0,10370507000000.0,6608264000000.0,1034346000000.0,5573918000000.0,5903475000000.0,4328543000000.0,4328543000000.0,8168263000000.0,-10364680000000.0,410215000000.0,29311297000000.0,364340000000.0,https://dart.fss.or.kr/dsaf001/main.do?rcpNo=20180814001540,2018 H1,0.6372170618080678,0.5374778687290795,0.41738971874759834,3.411862036082164,0.06867916904193772,1.798384746932801,-21143034000000.0,651205000000.0,15.298671570511061,0.1947254149119704,1.8870698523729579,0.5496228638439706,0.09538578782627866,0.27557360169273154
2018,2018-06-30,quarterly,11012,반기보고서,164779,660,KRW,20180814001540,53257080000000.0,15695268000000.0,8727425000000.0,1187928000000.0,7351385000000.0,3367788000000.0,29311297000000.0,12479404000000.0,1839133000000.0,3657652000000.0,1650816000000.0,1271787000000.0,65207000000.0,1206580000000.0,1612665000000.0,1207214000000.0,1207214000000.0,3644687000000.0,-6655228000000.0,711220000000.0,1946528000000.0,51062000000.0,https://dart.fss.or.kr/dsaf001/main.do?rcpNo=20180814001540,2018 Q2,0.7703990026750407,0.7308991432115995,0.7312831957044273,3.411862036082164,0.06867916904193772,1.798384746932801,1698159000000.0,651205000000.0,23.629705064431477,0.03099711812964586,3.0190894075118413,0.5496228638439706,0.02358249704785118,0.33005162874981
2018,2018-09-30,quarterly,11014,3분기보고서,164779,660,KRW,20181114002438,57377252000000.0,17700533000000.0,10002009000000.0,2340357000000.0,7711347000000.0,3686740000000.0,31259492000000.0,13888426000000.0,1316854000000.0,3657652000000.0,1046281000000.0,936900000000.0,38398000000.0,898502000000.0,531759000000.0,363650000000.0,363650000000.0,7088254000000.0,-3808034000000.0,-2101582000000.0,1948195000000.0,-112341000000.0,https://dart.fss.or.kr/dsaf001/main.do?rcpNo=20181114002438,2018 Q3,0.8954573388984413,0.8587578289197644,0.3475643732419876,3.7970878585496926,0.06374742380482076,1.7696977677184653,5140059000000.0,-1023503000000.0,7.9979882678630245,0.01823511868431761,19.49196755121683,0.3093110753580603,0.006573908721209615,0.0994217055094361
2018,2018-12-31,annual,11011,사업보고서,164779,660,KRW,20190404002329,63658335000000.0,19894146000000.0,13031852000000.0,2349319000000.0,6319994000000.0,4422733000000.0,34952617000000.0,16806004000000.0,1614303000000.0,3657652000000.0,40445066000000.0,25264228000000.0,4420478000000.0,20843750000000.0,21341030000000.0,15539984000000.0,15539984000000.0,22227199000000.0,-21428749000000.0,-1395317000000.0,34952617000000.0,1142134000000.0,https://dart.fss.or.kr/dsaf001/main.do?rcpNo=20190404002329,2018,0.6246553782357531,0.5153595249418063,0.3842244688140699,4.594752043113997,0.0574575505312855,1.5265785707204165,-12725418000000.0,-735016000000.0,18.24982882919167,0.6353459605878791,1.4303231586338827,0.3432688904082355,0.2849365610738174,4.248622887032446
2018,2018-12-31,quarterly,11011,사업보고서,164779,660,KRW,20190404002329,63658335000000.0,19894146000000.0,13031852000000.0,2349319000000.0,6319994000000.0,4422733000000.0,34952617000000.0,16806004000000.0,1614303000000.0,3657652000000.0,29028278000000.0,17719064000000.0,3347734000000.0,14371330000000.0,14905796000000.0,10847791000000.0,10847791000000.0,6970682000000.0,-7256035000000.0,296050000000.0,3693125000000.0,890135000000.0,https://dart.fss.or.kr/dsaf001/main.do?rcpNo=20190404002329,2018 Q4,0.6104069969289946,0.49508034889289676,0.3736973650314359,4.594752043113997,0.0574575505312855,1.5265785707204165,3277557000000.0,-735016000000.0,16.14511281996551,0.45600121335250127,0.6425899982770685,0.3432688904082355,0.1792496119343809,2.9657799593837795
2019,2019-03-31,quarterly,11013,1분기보고서,164779,660,KRW,20190515002604,65131501000000.0,18618236000000.0,13231722000000.0,1152257000000.0,5496813000000.0,5117491000000.0,36385101000000.0,17965494000000.0,2511052000000.0,3657652000000.0,6772655000000.0,2680200000000.0,1313710000000.0,1366490000000.0,1479547000000.0,,1102753000000.0,2630762000000.0,-4655347000000.0,807047000000.0,36385101000000.0,247855000000.0,https://dart.fss.or.kr/dsaf001/main.do?rcpNo=20190515002604,2019 Q1,0.3957384511687071,0.20176577723211947,,4.911755957100348,0.056157956500956424,1.4070909289055498,-33754339000000.0,1358795000000.0,5.513263803433459,0.10398432242487395,,-0.4067810491006752,,
2019,2019-06-30,half,11012,반기보고서,164779,660,KRW,20190814002432,63032264000000.0,14242750000000.0,7512771000000.0,1128775000000.0,4802736000000.0,5588705000000.0,38445358000000.0,15321477000000.0,2078321000000.0,3657652000000.0,6452201000000.0,2016812000000.0,1379182000000.0,637630000000.0,676014000000.0,,535529000000.0,1402561000000.0,-4883483000000.0,2241765000000.0,38445358000000.0,476798000000.0,https://dart.fss.or.kr/dsaf001/main.do?rcpNo=20190814002432,2019 H1,0.3125773670101102,0.09882364173093802,,4.188883196105042,0.05802825042108594,1.8958051563131633,-37042797000000.0,949546000000.0,1.3373168511612885,0.10236346579586607,,-0.3778316720677205,,
2019,2019-06-30,quarterly,11012,반기보고서,164779,660,KRW,20190814002432,63032264000000.0,14242750000000.0,7512771000000.0,1128775000000.0,4802736000000.0,5588705000000.0,38445358000000.0,15321477000000.0,2078321000000.0,3657652000000.0,-320454000000.0,-663388000000.0,65472000000.0,-728860000000.0,-803533000000.0,,-567224000000.0,-1228201000000.0,-228136000000.0,1434718000000.0,2060257000000.0,228943000000.0,https://dart.fss.or.kr/dsaf001/main.do?rcpNo=20190814002432,2019 Q2,2.070150474014991,2.2744606090109656,,4.188883196105042,0.05802825042108594,1.8958051563131633,-3288458000000.0,949546000000.0,-3.183587181088743,-0.00508396779147898,,-0.3778316720677205,,
2019,2019-09-30,quarterly,11014,3분기보고서,164779,660,KRW,20191114002661,63671751000000.0,14175499000000.0,6827424000000.0,1203143000000.0,4757987000000.0,5473612000000.0,38937960000000.0,15405525000000.0,2297571000000.0,3657652000000.0,386565000000.0,-201173000000.0,-36104000000.0,-165069000000.0,-155715000000.0,,-42328000000.0,2497054000000.0,-3147713000000.0,711015000000.0,492602000000.0,-87569000000.0,https://dart.fss.or.kr/dsaf001/main.do?rcpNo=20191114002661,2019 Q3,-0.5204118324214556,-0.42701486166621394,,4.211861872042501,0.057445443898660804,2.0762587763701212,2004452000000.0,1094428000000.0,-1.8850163870776189,0.006071216731576928,,0.0097614598706119,,
2019,2019-12-31,annual,11011,사업보고서,164779,660,KRW,20200330004441,64789494000000.0,14457602000000.0,7874033000000.0,2306070000000.0,4261674000000.0,5295835000000.0,39949940000000.0,16846299000000.0,2737770000000.0,3657652000000.0,26990733000000.0,8165458000000.0,5452740000000.0,2712718000000.0,2442726000000.0,2016391000000.0,2016391000000.0,6483188000000.0,-10450936000000.0,3903216000000.0,39949940000000.0,1514869000000.0,https://dart.fss.or.kr/dsaf001/main.do?rcpNo=20200330004441,2019,0.3025282047730975,0.10050553276933975,0.07470678917834503,4.6057686734549925,0.056454399844518,1.8361114310798545,-33466752000000.0,431700000000.0,1.7907277791016913,0.4165911991842381,3.215243472124206,-0.3326569673541885,0.031396264393071215,0.5512801655269556
2019,2019-12-31,quarterly,11011,사업보고서,164779,660,KRW,20200330004441,64789494000000.0,14457602000000.0,7874033000000.0,2306070000000.0,4261674000000.0,5295835000000.0,39949940000000.0,16846299000000.0,2737770000000.0,3657652000000.0,20151967000000.0,6349819000000.0,4109662000000.0,2240157000000.0,1922427000000.0,,1523190000000.0,2583573000000.0,-2419740000000.0,950436000000.0,1011980000000.0,1125640000000.0,https://dart.fss.or.kr/dsaf001/main.do?rcpNo=20200330004441,2019 Q4,0.315096734725697,0.11116319315131867,,4.6057686734549925,0.056454399844518,1.8361114310798545,1571593000000.0,431700000000.0,1.9901185103585515,0.31103757346831573,,-0.3326569673541885,,
2020,2020-03-31,quarterly,11013,1분기보고서,164779,660,KRW,20200515002346,67142787000000.0,15799759000000.0,8707249000000.0,2169664000000.0,4716880000000.0,5425680000000.0,40516546000000.0,18895063000000.0,3496167000000.0,3657652000000.0,7198892000000.0,2192073000000.0,1391772000000.0,800301000000.0,928533000000.0,,648154000000.0,2331545000000.0,-3892512000000.0,1417273000000.0,40516546000000.0,554787000000.0,https://dart.fss.or.kr/dsaf001/main.do?rcpNo=20200515002346,2020 Q1,0.3045014427220189,0.11117002449821445,,5.165899598977705,0.054475724994853134,1.8145523344973826,-38185001000000.0,1326503000000.0,1.4425374062478031,0.1072176524337603,,0.0526595002665686,,
2020,2020-06-30,half,11012,반기보고서,164779,660,KRW,20200814002431,69259297000000.0,17362825000000.0,9595472000000.0,3918249000000.0,5608420000000.0,5814139000000.0,40514288000000.0,19856421000000.0,4100805000000.0,3657652000000.0,8606534000000.0,3344205000000.0,1397490000000.0,1946715000000.0,1726981000000.0,,1262890000000.0,5686029000000.0,-5194269000000.0,1138422000000.0,40514288000000.0,273946000000.0,https://dart.fss.or.kr/dsaf001/main.do?rcpNo=20200814002431,2020 H1,0.3885658268473697,0.226190357233237,,5.428734335579218,0.05281098940406513,1.809481076074215,-34828259000000.0,182556000000.0,7.10619976199689,0.12426539645644974,,0.3338911791495647,,
2020,2020-06-30,quarterly,11012,반기보고서,164779,660,KRW,20200814002431,69259297000000.0,17362825000000.0,9595472000000.0,3918249000000.0,5608420000000.0,5814139000000.0,40514288000000.0,19856421000000.0,4100805000000.0,3657652000000.0,1407642000000.0,1152132000000.0,5718000000.0,1146414000000.0,798448000000.0,,614736000000.0,3354484000000.0,-1301757000000.0,-278851000000.0,-2258000000.0,-280841000000.0,https://dart.fss.or.kr/dsaf001/main.do?rcpNo=20200814002431,2020 Q2,0.8184836769576356,0.8144215645739471,,5.428734335579218,0.05281098940406513,1.809481076074215,3352226000000.0,182556000000.0,4.082074910714604,0.020324231705672668,,0.3338911791495647,,
2020,2020-09-30,quarterly,11014,3분기보고서,164779,660,KRW,20201116001609,69267173000000.0,17036210000000.0,8851618000000.0,2807138000000.0,5475806000000.0,6150544000000.0,40712211000000.0,18768114000000.0,3593603000000.0,3657652000000.0,-477767000000.0,-500948000000.0,146071000000.0,-647019000000.0,-378273000000.0,,-185628000000.0,3366715000000.0,-3666706000000.0,-837913000000.0,197923000000.0,27596000000.0,https://dart.fss.or.kr/dsaf001/main.do?rcpNo=20201116001609,2020 Q3,1.048519466601921,1.3542563634575013,,5.131191813764677,0.052804984548741433,1.9246436075302842,3168792000000.0,786465000000.0,-23.446115379040442,-0.006897451986383218,,0.1291691832576458,,
2020,2020-12-31,annual,11011,사업보고서,164779,660,KRW,20210330000776,71173853000000.0,16570953000000.0,9072360000000.0,2975989000000.0,4931322000000.0,6136318000000.0,41230562000000.0,19264756000000.0,3114250000000.0,3657652000000.0,31900418000000.0,10810629000000.0,5798005000000.0,5012624000000.0,6237037000000.0,4758914000000.0,4758914000000.0,,,252054000000.0,41230562000000.0,1980411000000.0,https://dart.fss.or.kr/dsaf001/main.do?rcpNo=20210330000776,2020,0.3388867506375622,0.15713348959878834,0.14918030227691687,5.2669734572889935,0.05139038910820242,1.8265316852505853,,138261000000.0,2.5311028872289643,0.4482041740806136,,0.1819026182060339,0.07000289570688488,1.3010844115295823
2020,2020-12-31,quarterly,11011,사업보고서,164779,660,KRW,20210330000776,71173853000000.0,16570953000000.0,9072360000000.0,2975989000000.0,4931322000000.0,6136318000000.0,41230562000000.0,19264756000000.0,3114250000000.0,3657652000000.0,23771651000000.0,7967372000000.0,4254444000000.0,3712928000000.0,4888329000000.0,,3681652000000.0,,,-48455000000.0,518351000000.0,1678869000000.0,https://dart.fss.or.kr/dsaf001/main.do?rcpNo=20210330000776,2020 Q4,0.33516275331486234,0.15619142313674383,,5.2669734572889935,0.05139038910820242,1.8265316852505853,,138261000000.0,2.2115650476600615,0.33399415653386083,,0.1819026182060339,,
2021,2021-03-31,quarterly,11013,1분기보고서,164779,660,KRW,20210517000667,75118008000000.0,18384877000000.0,9830992000000.0,2226144000000.0,5336152000000.0,6182597000000.0,43328696000000.0,22739419000000.0,2807051000000.0,3657652000000.0,8494188000000.0,2728548000000.0,1404127000000.0,1324421000000.0,1350592000000.0,,990446000000.0,,,1900472000000.0,43328696000000.0,589521000000.0,https://dart.fss.or.kr/dsaf001/main.do?rcpNo=20210517000667,2021 Q1,0.3212252895744714,0.15592084846721074,,6.216944367588825,0.048692079268129684,1.8700937809734766,,580907000000.0,2.24660529480714,0.11307791867963272,,0.0449540502268055,,
2021,2021-06-30,half,11012,반기보고서,164779,660,KRW,20210817001301,77717897000000.0,20099557000000.0,9186924000000.0,2666351000000.0,6500214000000.0,6226651000000.0,43866891000000.0,22839883000000.0,2314554000000.0,3657652000000.0,10321671000000.0,4339444000000.0,1644870000000.0,2694574000000.0,2801108000000.0,,1984515000000.0,,,1269270000000.0,43866891000000.0,216686000000.0,https://dart.fss.or.kr/dsaf001/main.do?rcpNo=20210817001301,2021 H1,0.4204206857591179,0.261059861334468,,6.244411168695108,0.047063188032481114,2.1878440487806365,,-351797000000.0,12.435385765577841,0.13280944799625755,,0.1992831260528338,,
2021,2021-06-30,quarterly,11012,반기보고서,164779,660,KRW,20210817001301,77717897000000.0,20099557000000.0,9186924000000.0,2666351000000.0,6500214000000.0,6226651000000.0,43866891000000.0,22839883000000.0,2314554000000.0,3657652000000.0,1827483000000.0,1610896000000.0,240743000000.0,1370153000000.0,1450516000000.0,,994069000000.0,,,-631202000000.0,538195000000.0,-372835000000.0,https://dart.fss.or.kr/dsaf001/main.do?rcpNo=20210817001301,2021 Q2,0.8814834392440313,0.7497486980727044,,6.244411168695108,0.047063188032481114,2.1878440487806365,,-351797000000.0,3.6749580913809057,0.02351431356924133,,0.1992831260528338,,
2021,2021-09-30,quarterly,11014,3분기보고서,164779,660,KRW,20211115001474,83269048000000.0,24910504000000.0,10545603000000.0,2761977000000.0,7517462000000.0,6600336000000.0,44307734000000.0,24554602000000.0,2523633000000.0,3657652000000.0,1483653000000.0,1491610000000.0,14363000000.0,1477247000000.0,1797527000000.0,,1326308000000.0,,,49042000000.0,440843000000.0,57422000000.0,https://dart.fss.or.kr/dsaf001/main.do?rcpNo=20211115001474,2021 Q3,1.00536311388175,0.9956822788077805,,6.713214379060665,0.04392570934640684,2.362169711869487,,-238344000000.0,25.726150255999443,0.017817580909535558,,0.3898119514190172,,
2021,2021-12-31,annual,11011,사업보고서,164779,660,KRW,20220322000590,96386474000000.0,26870451000000.0,14769356000000.0,5057982000000.0,8267111000000.0,8916605000000.0,53034270000000.0,34195416000000.0,2880763000000.0,3657652000000.0,42997792000000.0,18952192000000.0,6541852000000.0,12410340000000.0,13415987000000.0,9616188000000.0,9616188000000.0,,,4492313000000.0,53034270000000.0,1469860000000.0,https://dart.fss.or.kr/dsaf001/main.do?rcpNo=20220322000590,2021,0.4407712842557125,0.28862737881982403,0.22364376291694235,9.349007505361364,0.03794777263042115,1.819338026654649,,-2177219000000.0,8.443212278720422,0.44609777923819477,,0.3478755043272474,0.11477881634833524,2.6290603917485864
2021,2021-12-31,quarterly,11011,사업보고서,164779,660,KRW,20220322000590,96386474000000.0,26870451000000.0,14769356000000.0,5057982000000.0,8267111000000.0,8916605000000.0,53034270000000.0,34195416000000.0,2880763000000.0,3657652000000.0,31192468000000.0,13121138000000.0,4882619000000.0,8238519000000.0,8817352000000.0,,6305365000000.0,,,3174001000000.0,8726536000000.0,1195752000000.0,https://dart.fss.or.kr/dsaf001/main.do?rcpNo=20220322000590,2021 Q4,0.4206508442999765,0.2641188571548747,,9.349007505361364,0.03794777263042115,1.819338026654649,,-2177219000000.0,6.889822471549285,0.32361872683505366,,0.3478755043272474,,
2022,2022-03-31,quarterly,11013,1분기보고서,164779,660,KRW,20220516001502,99466056000000.0,27767761000000.0,16659247000000.0,4982764000000.0,8146418000000.0,10392670000000.0,55320713000000.0,36067417000000.0,3709094000000.0,3657652000000.0,12155653000000.0,5407739000000.0,2548124000000.0,2859615000000.0,2774250000000.0,,1978844000000.0,,,175316000000.0,55320713000000.0,737321000000.0,https://dart.fss.or.kr/dsaf001/main.do?rcpNo=20220516001502,2022 Q1,0.4448744135753135,0.23524980517295122,,9.860811526082854,0.03677286651438155,1.6668076894471882,,-1273670000000.0,3.878385397947434,0.12220905793228597,,0.0296755091177505,,
2022,2022-06-30,half,11012,반기보고서,164779,660,KRW,20220816001536,104147622000000.0,29719276000000.0,16869305000000.0,4546312000000.0,9040032000000.0,11878738000000.0,58113861000000.0,37387462000000.0,4017441000000.0,3657652000000.0,13811001000000.0,6344379000000.0,2151762000000.0,4192617000000.0,3966727000000.0,,2871539000000.0,,,-743924000000.0,58113861000000.0,1814401000000.0,https://dart.fss.or.kr/dsaf001/main.do?rcpNo=20220816001536,2022 H1,0.4593714097913685,0.30357082734263796,,10.221711086784637,0.035119880125539495,1.7617368350385507,,-528871000000.0,2.310744427499764,0.1326098545005665,,0.3380586341106977,,
2022,2022-06-30,quarterly,11012,반기보고서,164779,660,KRW,20220816001536,104147622000000.0,29719276000000.0,16869305000000.0,4546312000000.0,9040032000000.0,11878738000000.0,58113861000000.0,37387462000000.0,4017441000000.0,3657652000000.0,1655348000000.0,936640000000.0,-396362000000.0,1333002000000.0,1192477000000.0,,892695000000.0,,,-919240000000.0,2793148000000.0,1077080000000.0,https://dart.fss.or.kr/dsaf001/main.do?rcpNo=20220816001536,2022 Q2,0.5658266418904061,0.8052699492795473,,10.221711086784637,0.035119880125539495,1.7617368350385507,,-528871000000.0,1.2376072343744198,0.015894246726055827,,0.3380586341106977,,
2022,2022-09-30,quarterly,11014,3분기보고서,164779,660,KRW,20221114001566,109545800000000.0,31896913000000.0,18383115000000.0,4719217000000.0,8519642000000.0,14664974000000.0,60404219000000.0,40822614000000.0,5429825000000.0,3657652000000.0,-2828118000000.0,-2471717000000.0,65340000000.0,-2537057000000.0,-2283481000000.0,,-1764798000000.0,,,846730000000.0,2290358000000.0,249764000000.0,https://dart.fss.or.kr/dsaf001/main.do?rcpNo=20221114001566,2022 Q3,0.8739794449877976,0.8970831485814948,,11.16087971190261,0.03338924906294901,1.7351201360596396,,710608000000.0,-10.157816979228391,-0.025816763399418324,,-0.0964793911112796,,
2022,2022-12-31,annual,11011,사업보고서,164779,660,KRW,20230321001209,103871512000000.0,28733332000000.0,19843696000000.0,4977007000000.0,5186054000000.0,15664707000000.0,60228528000000.0,40580970000000.0,7423247000000.0,3657652000000.0,44621568000000.0,15627855000000.0,8818438000000.0,6809417000000.0,4002780000000.0,2241669000000.0,2241669000000.0,,,,60228528000000.0,5091553000000.0,https://dart.fss.or.kr/dsaf001/main.do?rcpNo=20230321001209,2022,0.35023096902376893,0.1526037139707865,0.05023734262319065,11.094814378185786,0.035213235367171705,1.4479828757707234,,2446240000000.0,1.33739489699901,0.4295842733087394,,0.0377641717044447,0.02238781129058194,0.6128710440468366
2022,2022-12-31,quarterly,11011,사업보고서,164779,660,KRW,20230321001209,103871512000000.0,28733332000000.0,19843696000000.0,4977007000000.0,5186054000000.0,15664707000000.0,60228528000000.0,40580970000000.0,7423247000000.0,3657652000000.0,33638685000000.0,11755193000000.0,6601336000000.0,5153857000000.0,2319534000000.0,,1134928000000.0,,,,-175691000000.0,3027388000000.0,https://dart.fss.or.kr/dsaf001/main.do?rcpNo=20230321001209,2022 Q4,0.34945459372148463,0.15321220196330504,,11.094814378185786,0.035213235367171705,1.4479828757707234,,2446240000000.0,1.7024104607668393,0.3238489972110929,,0.0377641717044447,,
2023,2023-03-31,quarterly,11013,1분기보고서,164779,660,KRW,20230515001677,104384608000000.0,28834021000000.0,17276137000000.0,4894782000000.0,4227451000000.0,17182269000000.0,59225641000000.0,43376074000000.0,7942755000000.0,3657652000000.0,5088111000000.0,-1645299000000.0,1757003000000.0,-3402302000000.0,-3525183000000.0,,-2580409000000.0,,,,59225641000000.0,1202394000000.0,https://dart.fss.or.kr/dsaf001/main.do?rcpNo=20230515001677,2023 Q1,-0.3233614596851366,-0.6686768429383715,,11.858994240020648,0.035040146915146723,1.6690085868154438,,3047973000000.0,-2.829606601496681,0.04874388185660476,,-0.5367235542798735,,
2023,2023-06-30,half,11012,반기보고서,164779,660,KRW,20230814002376,102819007000000.0,29661132000000.0,19776433000000.0,6040810000000.0,4487069000000.0,16420200000000.0,56597820000000.0,45359957000000.0,10521348000000.0,3657652000000.0,7305933000000.0,-1177828000000.0,1704256000000.0,-2882084000000.0,-3788207000000.0,,-2991181000000.0,,,,56597820000000.0,1312018000000.0,https://dart.fss.or.kr/dsaf001/main.do?rcpNo=20230814002376,2023 H1,-0.1612152753111752,-0.39448541343042703,,12.40138673662776,0.035573695046481044,1.499822136782705,,4480538000000.0,-2.1966802284724753,0.07105624935669724,,-0.471006265222919,,
2023,2023-06-30,quarterly,11012,반기보고서,164779,660,KRW,20230814002376,102819007000000.0,29661132000000.0,19776433000000.0,6040810000000.0,4487069000000.0,16420200000000.0,56597820000000.0,45359957000000.0,10521348000000.0,3657652000000.0,2217822000000.0,467471000000.0,-52747000000.0,520218000000.0,-263024000000.0,,-410772000000.0,,,,-2627821000000.0,109624000000.0,https://dart.fss.or.kr/dsaf001/main.do?rcpNo=20230814002376,2023 Q2,0.2107793141198888,0.23456255731974884,,12.40138673662776,0.035573695046481044,1.499822136782705,,4480538000000.0,4.745475443333577,0.02157015579813954,,-0.471006265222919,,
2023,2023-09-30,quarterly,11014,3분기보고서,164779,660,KRW,20231114002574,102049450000000.0,30393967000000.0,20250122000000.0,7122306000000.0,5515297000000.0,14947895000000.0,54016964000000.0,46817890000000.0,11229878000000.0,55231560000000.0,1760238000000.0,1241954000000.0,151831000000.0,1090123000000.0,1318550000000.0,,969056000000.0,,,,-2580856000000.0,-170365000000.0,https://dart.fss.or.kr/dsaf001/main.do?rcpNo=20231114002574,2023 Q3,0.7055602708270131,0.6193043213474542,,0.8476655376020522,0.5412234950800813,1.5009275993497717,,4107572000000.0,6.398749743198427,0.017248872972857765,,0.78183435856647,,
2023,2023-12-31,annual,11011,사업보고서,164779,660,KRW,20240319000684,100330165000000.0,30468100000000.0,21007810000000.0,7587329000000.0,6600273000000.0,13480659000000.0,52704853000000.0,46826413000000.0,9857189000000.0,53503752000000.0,32765719000000.0,-533448000000.0,7196865000000.0,-7730313000000.0,-11657816000000.0,-9137547000000.0,-9014999000000.0,4278191000000.0,-7334727000000.0,5696845000000.0,52704853000000.0,6093167000000.0,https://dart.fss.or.kr/dsaf001/main.do?rcpNo=20240319000684,2023,-0.016280674323063078,-0.23592685391704665,-0.27887521711334945,0.875198677655354,0.5332768265655697,1.450322522909337,-48426662000000.0,2269860000000.0,-1.2686855620402329,0.32657894064063386,-0.46819906918125836,-0.2656977226797588,-0.08949531790573885,-0.31971037660306595
2023,2023-12-31,quarterly,11011,사업보고서,164779,660,KRW,20240319000684,100330165000000.0,30468100000000.0,21007810000000.0,7587329000000.0,6600273000000.0,13480659000000.0,52704853000000.0,46826413000000.0,9857189000000.0,53503752000000.0,23699548000000.0,-597574000000.0,5340778000000.0,-5938352000000.0,-9188159000000.0,,-6992874000000.0,,,,-1312111000000.0,4951514000000.0,https://dart.fss.or.kr/dsaf001/main.do?rcpNo=20240319000684,2023 Q4,-0.025214573712545065,-0.2505681542956009,,0.875198677655354,0.5332768265655697,1.450322522909337,,2269860000000.0,-1.1993002544272318,0.23621557883414226,,-0.2656977226797588,,
2024,2024-03-31,quarterly,11013,1분기보고서,164779,660,KRW,20240516001638,103197515000000.0,33026065000000.0,23401233000000.0,8381395000000.0,7178507000000.0,13844639000000.0,53163891000000.0,103197515000000.0,8845236000000.0,55507402000000.0,,4794645000000.0,1908616000000.0,2886029000000.0,2372575000000.0,,2148376000000.0,5356478000000.0,-3797325000000.0,-909670000000.0,53163891000000.0,1625139000000.0,https://dart.fss.or.kr/dsaf001/main.do?rcpNo=20240516001638,2024 Q1,,,,1.8591667287905134,0.5378753742277612,1.4112959347056628,-47807413000000.0,463841000000.0,1.7758659413133278,,,0.0,,
2024,2024-06-30,half,11012,반기보고서,164779,660,KRW,20240814001887,105624349000000.0,35683696000000.0,23354170000000.0,7933829000000.0,10223675000000.0,13354938000000.0,53231992000000.0,45794329000000.0,6274350000000.0,59830020000000.0,16423258000000.0,7496464000000.0,2027928000000.0,5468536000000.0,5052187000000.0,,4509126000000.0,11015501000000.0,-5774579000000.0,-5032904000000.0,53231992000000.0,1312751000000.0,https://dart.fss.or.kr/dsaf001/main.do?rcpNo=20240814001887,2024 H1,0.4564541335221063,0.3329751015297939,,0.7654072153076332,0.5664415503285137,1.5279368095719095,-42216491000000.0,-1659479000000.0,4.165706977179983,0.15548742458994944,,1.2479343842874004,,
2024,2024-06-30,quarterly,11012,반기보고서,164779,660,KRW,20240814001887,105624349000000.0,35683696000000.0,23354170000000.0,7933829000000.0,10223675000000.0,13354938000000.0,53231992000000.0,45794329000000.0,6274350000000.0,59830020000000.0,,2701819000000.0,119312000000.0,2582507000000.0,2679612000000.0,,2360750000000.0,5659023000000.0,-1977254000000.0,-4123234000000.0,68101000000.0,-312388000000.0,https://dart.fss.or.kr/dsaf001/main.do?rcpNo=20240814001887,2024 Q2,,,,0.7654072153076332,0.5664415503285137,1.5279368095719095,5590922000000.0,-1659479000000.0,8.26698528752705,,,1.2479343842874004,,
2024,2024-09-30,quarterly,11014,3분기보고서,164779,660,KRW,20241114001712,108367058000000.0,37078030000000.0,23031263000000.0,9135688000000.0,10471229000000.0,13353865000000.0,54633704000000.0,43065538000000.0,5140835000000.0,65301520000000.0,1149811000000.0,1674920000000.0,113498000000.0,1561422000000.0,1826986000000.0,,1071061000000.0,7759262000000.0,-3616740000000.0,-2740836000000.0,1401712000000.0,465885000000.0,https://dart.fss.or.kr/dsaf001/main.do?rcpNo=20241114001712,2024 Q3,1.456691578007168,1.3579814421674519,,0.6594875280085364,0.6025956707249541,1.609899986813576,6357550000000.0,-3994853000000.0,3.3515180784957663,0.010610336953135704,,0.9383121055184156,,
2024,2024-12-31,annual,11011,사업보고서,164779,660,KRW,20250319000665,119855209000000.0,42278887000000.0,24965444000000.0,11205117000000.0,13019006000000.0,13313937000000.0,60157474000000.0,45939505000000.0,5252238000000.0,73915704000000.0,66192960000000.0,31828146000000.0,8360827000000.0,23467319000000.0,23885350000000.0,19796902000000.0,21033123000000.0,,,,60157474000000.0,5707997000000.0,https://dart.fss.or.kr/dsaf001/main.do?rcpNo=20250319000665,2024,0.48083883845049386,0.35452892573470046,0.2990786633503019,0.6215121079006432,0.6167083151137803,1.6934962983233945,,-5952879000000.0,4.111305419396682,0.5522743696521358,,1.020189454716376,0.17982031812885083,0.31073593659040577
2024,2024-12-31,quarterly,11011,사업보고서,164779,660,KRW,20250319000665,119855209000000.0,42278887000000.0,24965444000000.0,11205117000000.0,13019006000000.0,13313937000000.0,60157474000000.0,45939505000000.0,5252238000000.0,73915704000000.0,48619891000000.0,22656762000000.0,6219401000000.0,16437361000000.0,17006177000000.0,,15452936000000.0,,,,5523770000000.0,3929361000000.0,https://dart.fss.or.kr/dsaf001/main.do?rcpNo=20250319000665,2024 Q4,0.4659977950176811,0.33807893563562286,,0.6215121079006432,0.6167083151137803,1.6934962983233945,,-5952879000000.0,4.183214777160968,0.405655218539563,,1.020189454716376,,
2025,2025-03-31,quarterly,11013,1분기보고서,164779,660,KRW,20250515002103,123985470000000.0,41228190000000.0,24836401000000.0,12558069000000.0,10628589000000.0,14551350000000.0,63015300000000.0,42546717000000.0,9079608000000.0,81438753000000.0,17639141000000.0,10101991000000.0,2661487000000.0,7440504000000.0,1191034000000.0,,8114054000000.0,,,,63015300000000.0,764604000000.0,https://dart.fss.or.kr/dsaf001/main.do?rcpNo=20250515002103,2025 Q1,0.5727031151913804,0.42181781981333444,,0.5224382180802793,0.656841104042272,1.6599905115076858,,-3478461000000.0,9.731186339595398,0.1422678076713344,,0.0037598441114639,,
2025,2025-06-30,half,11012,반기보고서,164779,660,KRW,20250814003049,129087781000000.0,45203170000000.0,25324404000000.0,9075311000000.0,13125210000000.0,13408333000000.0,64472933000000.0,41945296000000.0,8521462000000.0,87142485000000.0,22231952000000.0,11983324000000.0,2770473000000.0,9212851000000.0,1726367000000.0,,5943034000000.0,,,,64472933000000.0,2172268000000.0,https://dart.fss.or.kr/dsaf001/main.do?rcpNo=20250814003049,2025 H1,0.5390135782948794,0.4143968554807963,,0.48134151786008855,0.6750637769503529,1.7849648110178624,,-553849000000.0,4.241120800932482,0.1722235197458387,,0.3536870698858898,,
2025,2025-06-30,quarterly,11012,반기보고서,164779,660,KRW,20250814003049,129087781000000.0,45203170000000.0,25324404000000.0,9075311000000.0,13125210000000.0,13408333000000.0,64472933000000.0,41945296000000.0,8521462000000.0,87142485000000.0,4592811000000.0,1881333000000.0,108986000000.0,1772347000000.0,535333000000.0,,-2171020000000.0,,,,1457633000000.0,1407664000000.0,https://dart.fss.or.kr/dsaf001/main.do?rcpNo=20250814003049,2025 Q2,0.4096256083692536,0.38589591428865677,,0.48134151786008855,0.6750637769503529,1.7849648110178624,,-553849000000.0,1.2590696359358484,0.035578975518991994,,0.3536870698858898,,
2025,2025-09-30,quarterly,11014,3분기보고서,164779,660,KRW,20251114001805,148435030000000.0,57139556000000.0,29769431000000.0,10814515000000.0,14312462000000.0,13156389000000.0,68145161000000.0,48428751000000.0,9249989000000.0,100006279000000.0,2216977000000.0,2045776000000.0,-124763000000.0,2170539000000.0,466523000000.0,,7137348000000.0,,,,3672228000000.0,-1079982000000.0,https://dart.fss.or.kr/dsaf001/main.do?rcpNo=20251114001805,2025 Q3,0.922777277346585,0.979053458831553,,0.48425710349647144,0.6737377221535914,1.9194036997213686,,-1564526000000.0,2.009791829863831,0.014935672529590893,,0.3860612033205017,,
2025,2025-12-31,annual,11011,사업보고서,164779,660,KRW,20260317000635,176107659000000.0,69458073000000.0,37378999000000.0,14923766000000.0,18199078000000.0,14289390000000.0,77502704000000.0,55440908000000.0,8161757000000.0,120666751000000.0,97146675000000.0,58690790000000.0,11484471000000.0,47206319000000.0,50465552000000.0,42947902000000.0,42984408000000.0,,,,77502704000000.0,12504998000000.0,https://dart.fss.or.kr/dsaf001/main.do?rcpNo=20260317000635,2025,0.6041461532265515,0.4859283037736495,0.4420933809623438,0.4594547175634156,0.6851874114117887,1.8582111575540052,,-6762009000000.0,3.7749961255491606,0.5516323114601166,,0.4676285061130367,0.2902249345684811,0.4414365313666127
2025,2025-12-31,quarterly,11011,사업보고서,164779,660,KRW,20260317000635,176107659000000.0,69458073000000.0,37378999000000.0,14923766000000.0,18199078000000.0,14289390000000.0,77502704000000.0,55440908000000.0,8161757000000.0,120666751000000.0,72697746000000.0,44661690000000.0,8838761000000.0,35822929000000.0,48272662000000.0,,29904026000000.0,,,,9357543000000.0,11412712000000.0,https://dart.fss.or.kr/dsaf001/main.do?rcpNo=20260317000635,2025 Q4,0.6143476580415574,0.4927653327793684,,0.4594547175634156,0.6851874114117887,1.8582111575540052,,-6762009000000.0,3.1388620864173213,0.41280286395721155,,0.4676285061130367,,
2026,2026-03-31,quarterly,11013,1분기보고서,164779,660,KRW,20260515002287,222828744000000.0,106506116000000.0,40700530000000.0,21166904000000.0,33807843000000.0,15974133000000.0,82051924000000.0,58448945000000.0,5890940000000.0,164379799000000.0,52576287000000.0,41679414000000.0,4069131000000.0,37610283000000.0,11270949000000.0,,41354478000000.0,,,,82051924000000.0,3023483000000.0,https://dart.fss.or.kr/dsaf001/main.do?rcpNo=20260515002287,2026 Q1,0.7927416783920097,0.7153468825213922,,0.3555725542650165,0.7376956673058301,2.616823810402469,,-15275964000000.0,12.439389604638095,0.23594930373973655,,1.1504535842858394,,
2026,2026-06-30,half,11012,반기보고서,164779,660,KRW,20260814003509,348862214000000.0,,830349000000.0,26835986000000.0,47821395000000.0,17985706000000.0,88889146000000.0,86168986000000.0,5858873000000.0,262693228000000.0,79318746000000.0,65991356000000.0,5448748000000.0,60542608000000.0,28785762000000.0,,94864501000000.0,,,,88889146000000.0,3640903000000.0,https://dart.fss.or.kr/dsaf001/main.do?rcpNo=20260814003509,2026 H1,0.8319767939851193,0.7632824654086185,,0.32802134511057895,0.7529999451301997,,,-20977113000000.0,16.628459478321723,0.2273641077104441,,2.5677814525688074,,
2026,2026-06-30,quarterly,11012,반기보고서,164779,660,KRW,20260814003509,348862214000000.0,,830349000000.0,26835986000000.0,47821395000000.0,17985706000000.0,88889146000000.0,86168986000000.0,5858873000000.0,262693228000000.0,26742459000000.0,24311942000000.0,1379617000000.0,22932325000000.0,17514813000000.0,,53510023000000.0,,,,6837222000000.0,617420000000.0,https://dart.fss.or.kr/dsaf001/main.do?rcpNo=20260814003509,2026 Q2,0.9091139300241612,0.8575249194548639,,0.32802134511057895,0.7529999451301997,,,-20977113000000.0,37.1421803634479,0.07665622107185274,,2.5677814525688074,,
