fiscal_year,report_name,report_date,rcept_no,corp_name,dart_url
2010,사업보고서 (2009.12),20100331,20100331000696,SK하이닉스,https://dart.fss.or.kr/dsaf001/main.do?rcpNo=20100331000696
2010,분기보고서 (2010.03),20100512,20100512000005,SK하이닉스,https://dart.fss.or.kr/dsaf001/main.do?rcpNo=20100512000005
2010,반기보고서 (2010.06),20100813,20100813000578,SK하이닉스,https://dart.fss.or.kr/dsaf001/main.do?rcpNo=20100813000578
2010,분기보고서 (2010.09),20101115,20101115000828,SK하이닉스,https://dart.fss.or.kr/dsaf001/main.do?rcpNo=20101115000828
2011,사업보고서 (2010.12),20110331,20110331003040,SK하이닉스,https://dart.fss.or.kr/dsaf001/main.do?rcpNo=20110331003040
2011,분기보고서 (2011.03),20110530,20110530001030,SK하이닉스,https://dart.fss.or.kr/dsaf001/main.do?rcpNo=20110530001030
2011,반기보고서 (2011.06),20110829,20110829000354,SK하이닉스,https://dart.fss.or.kr/dsaf001/main.do?rcpNo=20110829000354
2011,[기재정정]반기보고서 (2011.06),20111123,20111123000206,SK하이닉스,https://dart.fss.or.kr/dsaf001/main.do?rcpNo=20111123000206
2011,분기보고서 (2011.09),20111124,20111124000185,SK하이닉스,https://dart.fss.or.kr/dsaf001/main.do?rcpNo=20111124000185
2012,사업보고서 (2011.12),20120330,20120330001870,SK하이닉스,https://dart.fss.or.kr/dsaf001/main.do?rcpNo=20120330001870
2012,[기재정정]사업보고서 (2011.12),20120402,20120402001843,SK하이닉스,https://dart.fss.or.kr/dsaf001/main.do?rcpNo=20120402001843
2012,분기보고서 (2012.03),20120523,20120523000308,SK하이닉스,https://dart.fss.or.kr/dsaf001/main.do?rcpNo=20120523000308
2012,반기보고서 (2012.06),20120817,20120817000001,SK하이닉스,https://dart.fss.or.kr/dsaf001/main.do?rcpNo=20120817000001
2012,분기보고서 (2012.09),20121115,20121115000225,SK하이닉스,https://dart.fss.or.kr/dsaf001/main.do?rcpNo=20121115000225
2013,사업보고서 (2012.12),20130329,20130329002163,SK하이닉스,https://dart.fss.or.kr/dsaf001/main.do?rcpNo=20130329002163
2013,분기보고서 (2013.03),20130515,20130515001167,SK하이닉스,https://dart.fss.or.kr/dsaf001/main.do?rcpNo=20130515001167
2013,[기재정정]사업보고서 (2012.12),20130729,20130729000140,SK하이닉스,https://dart.fss.or.kr/dsaf001/main.do?rcpNo=20130729000140
2013,반기보고서 (2013.06),20130814,20130814001050,SK하이닉스,https://dart.fss.or.kr/dsaf001/main.do?rcpNo=20130814001050
2013,분기보고서 (2013.09),20131114,20131114001333,SK하이닉스,https://dart.fss.or.kr/dsaf001/main.do?rcpNo=20131114001333
2014,[첨부추가]사업보고서 (2013.12),20140331,20140331002980,SK하이닉스,https://dart.fss.or.kr/dsaf001/main.do?rcpNo=20140331002980
2014,분기보고서 (2014.03),20140515,20140515001444,SK하이닉스,https://dart.fss.or.kr/dsaf001/main.do?rcpNo=20140515001444
2014,반기보고서 (2014.06),20140814,20140814001611,SK하이닉스,https://dart.fss.or.kr/dsaf001/main.do?rcpNo=20140814001611
2014,분기보고서 (2014.09),20141114,20141114001457,SK하이닉스,https://dart.fss.or.kr/dsaf001/main.do?rcpNo=20141114001457
2015,사업보고서 (2014.12),20150331,20150331004519,SK하이닉스,https://dart.fss.or.kr/dsaf001/main.do?rcpNo=20150331004519
2015,[기재정정]사업보고서 (2014.12),20150515,20150515001332,SK하이닉스,https://dart.fss.or.kr/dsaf001/main.do?rcpNo=20150515001332
2015,분기보고서 (2015.03),20150515,20150515001755,SK하이닉스,https://dart.fss.or.kr/dsaf001/main.do?rcpNo=20150515001755
2015,반기보고서 (2015.06),20150812,20150812000408,SK하이닉스,https://dart.fss.or.kr/dsaf001/main.do?rcpNo=20150812000408
2015,분기보고서 (2015.09),20151112,20151112000343,SK하이닉스,https://dart.fss.or.kr/dsaf001/main.do?rcpNo=20151112000343
2016,사업보고서 (2015.12),20160330,20160330003963,SK하이닉스,https://dart.fss.or.kr/dsaf001/main.do?rcpNo=20160330003963
2016,분기보고서 (2016.03),20160516,20160516001896,SK하이닉스,https://dart.fss.or.kr/dsaf001/main.do?rcpNo=20160516001896
2016,[기재정정]사업보고서 (2015.12),20160516,20160516001867,SK하이닉스,https://dart.fss.or.kr/dsaf001/main.do?rcpNo=20160516001867
2016,반기보고서 (2016.06),20160816,20160816001683,SK하이닉스,https://dart.fss.or.kr/dsaf001/main.do?rcpNo=20160816001683
2016,분기보고서 (2016.09),20161114,20161114001476,SK하이닉스,https://dart.fss.or.kr/dsaf001/main.do?rcpNo=20161114001476
2017,사업보고서 (2016.12),20170331,20170331004537,SK하이닉스,https://dart.fss.or.kr/dsaf001/main.do?rcpNo=20170331004537
2017,분기보고서 (2017.03),20170515,20170515003473,SK하이닉스,https://dart.fss.or.kr/dsaf001/main.do?rcpNo=20170515003473
2017,[기재정정]분기보고서 (2017.03),20170814,20170814002171,SK하이닉스,https://dart.fss.or.kr/dsaf001/main.do?rcpNo=20170814002171
2017,반기보고서 (2017.06),20170814,20170814002182,SK하이닉스,https://dart.fss.or.kr/dsaf001/main.do?rcpNo=20170814002182
2017,분기보고서 (2017.09),20171114,20171114002328,SK하이닉스,https://dart.fss.or.kr/dsaf001/main.do?rcpNo=20171114002328
2018,사업보고서 (2017.12),20180402,20180402004745,SK하이닉스,https://dart.fss.or.kr/dsaf001/main.do?rcpNo=20180402004745
2018,분기보고서 (2018.03),20180515,20180515001966,SK하이닉스,https://dart.fss.or.kr/dsaf001/main.do?rcpNo=20180515001966
2018,[기재정정]사업보고서 (2017.12),20180615,20180615000111,SK하이닉스,https://dart.fss.or.kr/dsaf001/main.do?rcpNo=20180615000111
2018,반기보고서 (2018.06),20180814,20180814001540,SK하이닉스,https://dart.fss.or.kr/dsaf001/main.do?rcpNo=20180814001540
2018,분기보고서 (2018.09),20181114,20181114002438,SK하이닉스,https://dart.fss.or.kr/dsaf001/main.do?rcpNo=20181114002438
2019,사업보고서 (2018.12),20190401,20190401003957,SK하이닉스,https://dart.fss.or.kr/dsaf001/main.do?rcpNo=20190401003957
2019,[기재정정]사업보고서 (2018.12),20190404,20190404002329,SK하이닉스,https://dart.fss.or.kr/dsaf001/main.do?rcpNo=20190404002329
2019,분기보고서 (2019.03),20190515,20190515002604,SK하이닉스,https://dart.fss.or.kr/dsaf001/main.do?rcpNo=20190515002604
2019,반기보고서 (2019.06),20190814,20190814002432,SK하이닉스,https://dart.fss.or.kr/dsaf001/main.do?rcpNo=20190814002432
2019,분기보고서 (2019.09),20191114,20191114002661,SK하이닉스,https://dart.fss.or.kr/dsaf001/main.do?rcpNo=20191114002661
2020,사업보고서 (2019.12),20200330,20200330004441,SK하이닉스,https://dart.fss.or.kr/dsaf001/main.do?rcpNo=20200330004441
2020,분기보고서 (2020.03),20200515,20200515002346,SK하이닉스,https://dart.fss.or.kr/dsaf001/main.do?rcpNo=20200515002346
2020,반기보고서 (2020.06),20200814,20200814002431,SK하이닉스,https://dart.fss.or.kr/dsaf001/main.do?rcpNo=20200814002431
2020,분기보고서 (2020.09),20201116,20201116001609,SK하이닉스,https://dart.fss.or.kr/dsaf001/main.do?rcpNo=20201116001609
2021,사업보고서 (2020.12),20210322,20210322000782,SK하이닉스,https://dart.fss.or.kr/dsaf001/main.do?rcpNo=20210322000782
2021,[기재정정]사업보고서 (2020.12),20210330,20210330000776,SK하이닉스,https://dart.fss.or.kr/dsaf001/main.do?rcpNo=20210330000776
2021,분기보고서 (2021.03),20210517,20210517000667,SK하이닉스,https://dart.fss.or.kr/dsaf001/main.do?rcpNo=20210517000667
2021,반기보고서 (2021.06),20210817,20210817001301,SK하이닉스,https://dart.fss.or.kr/dsaf001/main.do?rcpNo=20210817001301
2021,분기보고서 (2021.09),20211115,20211115001474,SK하이닉스,https://dart.fss.or.kr/dsaf001/main.do?rcpNo=20211115001474
2022,사업보고서 (2021.12),20220322,20220322000590,SK하이닉스,https://dart.fss.or.kr/dsaf001/main.do?rcpNo=20220322000590
2022,분기보고서 (2022.03),20220516,20220516001502,SK하이닉스,https://dart.fss.or.kr/dsaf001/main.do?rcpNo=20220516001502
2022,반기보고서 (2022.06),20220816,20220816001536,SK하이닉스,https://dart.fss.or.kr/dsaf001/main.do?rcpNo=20220816001536
2022,분기보고서 (2022.09),20221114,20221114001566,SK하이닉스,https://dart.fss.or.kr/dsaf001/main.do?rcpNo=20221114001566
2023,반기보고서 (2023.06),20230814,20230814002376,SK하이닉스,https://dart.fss.or.kr/dsaf001/main.do?rcpNo=20230814002376
2023,분기보고서 (2023.09),20231114,20231114002574,SK하이닉스,https://dart.fss.or.kr/dsaf001/main.do?rcpNo=20231114002574
2024,사업보고서 (2023.12),20240319,20240319000684,SK하이닉스,https://dart.fss.or.kr/dsaf001/main.do?rcpNo=20240319000684
2024,분기보고서 (2024.03),20240516,20240516001638,SK하이닉스,https://dart.fss.or.kr/dsaf001/main.do?rcpNo=20240516001638
2024,반기보고서 (2024.06),20240814,20240814001887,SK하이닉스,https://dart.fss.or.kr/dsaf001/main.do?rcpNo=20240814001887
2024,분기보고서 (2024.09),20241114,20241114001712,SK하이닉스,https://dart.fss.or.kr/dsaf001/main.do?rcpNo=20241114001712
2025,반기보고서 (2025.06),20250814,20250814003049,SK하이닉스,https://dart.fss.or.kr/dsaf001/main.do?rcpNo=20250814003049
2025,분기보고서 (2025.09),20251114,20251114001805,SK하이닉스,https://dart.fss.or.kr/dsaf001/main.do?rcpNo=20251114001805
2026,분기보고서 (2026.03),20260515,20260515002287,SK하이닉스,https://dart.fss.or.kr/dsaf001/main.do?rcpNo=20260515002287
2026,반기보고서 (2026.06),20260814,20260814003509,SK하이닉스,https://dart.fss.or.kr/dsaf001/main.do?rcpNo=20260814003509
